Square Footage,Bedrooms,Bathrooms,Price
1360,5,2,129494.19473509197
4272,5,2,270716.077996997
3592,2,2,208400.58726373527
966,4,1,100704.07122377238
4926,1,2,266639.0078412546
3944,1,3,211781.5245455947
3671,1,3,196215.02416055097
3419,2,1,181053.6257856389
630,2,3,81055.80818489354
2185,3,1,152324.61835612444
1269,1,2,82385.12116819453
2891,4,2,190012.07514835917
2933,4,2,190910.6999203264
1684,1,3,120132.3710758221
3885,1,1,228294.3350817474
4617,1,2,244796.0707607246
3404,2,1,206584.1552065571
974,2,2,78980.12915358889
1582,2,3,111975.71070089533
3058,5,3,232942.14282829923
2547,4,1,172248.34279257222
3247,4,3,220313.64439254635
1475,3,3,121232.73932911445
2306,2,1,124044.00633340549
689,5,2,97334.11148716061
3234,5,3,221073.07975559766
3505,4,1,206038.46859854378
2399,2,3,149778.6291955124
1767,3,3,128096.11130363055
2028,2,3,146698.8253913033
3702,1,3,199462.10383897967
4056,2,1,219901.52560950746
4390,1,1,236853.88260548012
1146,1,1,59042.06228645753
3388,3,3,207809.93241767667
2935,4,3,185105.23264666778
1100,2,3,99200.11460005396
2863,1,1,155136.36879559813
2561,2,3,162890.82154997758
741,4,2,96210.1031979109
2541,4,3,174827.31116346113
3324,5,2,223080.12991351995
3112,4,3,200036.72000694257
1863,3,1,117564.96279004187
1978,1,3,114694.1710599412
3056,5,2,207875.09609166335
1275,3,2,99902.04465826934
4514,2,3,263586.3215089838
534,1,2,37787.830519581
3652,4,2,235796.32675917476
2455,1,1,142600.01291523228
2085,2,3,134571.77817167735
4443,5,3,279102.7542758162
3573,5,3,244500.7903197999
1521,5,2,134020.82536989555
3961,4,3,255253.51829273545
3113,3,3,216348.66436259967
4343,3,1,252836.37048427714
2000,1,1,108607.69438719867
661,4,1,69141.10388057941
4797,5,2,291327.98368678417
2481,5,3,174422.3369288888
1495,2,1,109077.43608345579
3842,2,1,194767.21180644236
4298,5,1,274781.04817719304
1775,5,3,145069.3609332477
1516,4,3,125675.94785375881
837,3,3,77870.12358455612
1378,2,2,113358.64659642031
1576,3,2,118963.15601685777
4493,4,1,277553.78525042854
879,5,3,121955.26858596006
992,3,1,86234.05474022403
2562,5,3,181143.76229144787
4384,5,3,281993.57249884226
564,1,3,45777.51986433798
3068,3,2,188364.958381127
2527,3,2,165403.76207350713
3195,5,3,223408.44357907737
1995,4,1,148871.09161020286
891,1,3,75123.04293780487
4974,5,3,312358.5482373354
4061,2,1,232084.6891810792
2778,2,3,168406.4014506456
3599,1,1,208097.79825596503
700,4,2,79344.88711782354
3604,5,2,252171.86484622429
2954,3,1,167939.32908228278
4145,1,2,223445.92742589154
1304,4,2,111890.21826386395
3231,3,1,199339.91794748473
3273,2,2,202268.16803218823
2070,2,3,126006.04796940472
3190,3,3,193420.16957957094
4340,1,1,217980.9193228376
1528,2,2,119601.84197198418
1002,5,3,118076.04942797123
4993,3,3,283806.28791542875
1370,3,2,104069.0512604393
4988,2,2,291217.6139566149
706,1,3,57518.80769688762
1984,5,3,160828.11862208828
1363,1,1,75337.03293176941
3290,4,1,199250.07686181238
1063,4,3,119983.23810443157
4691,2,1,276289.0158874206
2257,2,3,137998.05597212652
2178,2,3,157949.4232921812
3742,4,1,227226.10583709893
1559,1,1,98286.47995368887
2222,1,2,145202.1380481441
3814,2,2,219249.23404296368
3657,5,2,239570.5807973264
3125,1,3,189260.80963788184
3229,4,1,195350.4716296375
2097,3,3,161320.6137784043
3560,3,1,214428.09392442583
3193,3,3,198872.49491845822
4127,5,2,260308.32396684145
1863,2,2,109315.37488171634
2481,4,2,168688.2783337601
2163,5,3,170509.62238005598
2029,4,1,135837.0646828852
2538,4,1,171445.35023870994
3802,2,2,224829.17084525496
2737,3,2,174715.27864000582
1806,2,2,126927.25826519266
4529,5,2,278378.6001702066
3175,5,1,223783.8276421994
1782,5,3,155318.14705774857
1209,2,3,110902.57169754744
4913,4,3,324792.1731223873
4248,4,3,262697.5640769672
1163,1,2,73859.36123098542
2498,5,2,182437.57878051282
3945,4,2,253207.02250175516
4243,1,3,250409.6997047509
1995,4,2,143221.91515830197
3804,5,2,254012.44266478074
4263,3,1,246790.72710144232
2353,5,1,178831.09102540588
1791,2,2,134644.5769340769
4081,4,1,246646.71762566984
3957,4,1,226151.3233332627
2136,2,2,144239.01676880292
4196,2,2,231472.94781394547
3499,3,2,213518.84263036223
3652,4,2,240470.30836871613
1198,4,3,117873.94853531108
2660,3,3,176982.79974446955
4597,1,2,244091.1828754168
1354,3,1,73701.06219725001
3974,5,2,265683.208157562
2207,4,2,157820.48300774235
3277,2,1,203983.36278355727
2233,5,3,180630.2802996187
4010,4,2,245088.74627465158
702,3,2,85768.70088376041
3755,5,3,264261.2940595819
4718,4,3,288709.68185647525
4996,1,1,276736.44865573227
1266,1,3,82746.91944613952
4889,2,3,281046.47769407905
2827,4,3,202064.0838771878
3431,1,1,194397.8158401419
697,3,3,86065.2184861589
2430,4,3,173173.4281943683
4082,3,1,250036.97640691441
1108,3,3,99155.72676893581
3772,1,3,207909.72637724807
1647,4,1,121806.62032686669
4782,5,2,318499.88391476334
3897,1,1,202430.16571908054
3011,1,3,188466.35226760447
2294,4,3,158345.3330418983
1159,4,3,117829.05445074187
3311,3,1,203520.83451490835
1869,4,3,164662.26879726228
2486,3,3,162755.98104831486
646,1,1,37993.35782039613
3719,2,2,214784.89621653018
3411,5,2,247198.01829240454
2234,1,3,127858.41520056232
2343,4,1,136265.833677958
988,5,3,114997.67837373282
3476,2,1,208295.2291796101
2459,2,1,137811.94067360138
2885,3,2,192729.32173353265
3419,5,2,220590.89014987543
2302,3,1,148634.4146430832
4561,1,3,260576.82315286057
3869,5,2,241575.3459826156
762,1,3,64915.133315075545
1123,3,2,108299.73511292237
1516,5,2,140539.34099211352
4143,3,3,244943.73942409232
2549,5,2,202637.18352716794
4223,3,2,257733.9251192249
3608,2,3,196795.52000075692
4590,3,2,278142.43614734226
2556,2,2,152086.25747582724
3670,3,2,225465.63547642465
2182,5,3,184180.0400429326
2755,5,1,187253.95415335166
1654,5,3,131244.07385958187
4999,4,1,310005.4519190583
3691,1,2,216195.83471201948
2196,5,1,163927.43986817054
4491,2,3,268084.2145149211
2148,5,3,168706.13267936316
1945,4,2,148219.7017676085
4699,2,1,258507.1205736326
4423,4,2,267860.55914642697
753,2,2,71243.02580085755
3683,3,3,217068.21176354412
3057,1,1,165334.1916923442
598,1,1,48044.79472483405
2700,4,1,198381.00707961636
3461,1,1,176374.65784687304
4933,4,2,301855.5305773243
4277,4,2,270151.4877642786
3369,4,3,204682.81269317263
3734,1,2,210805.32014409252
4291,4,2,273352.85078983783
1456,1,3,103686.52679382435
4567,4,3,282510.72745127324
660,5,3,101332.40036522428
4993,4,2,301348.4469724903
1800,2,2,103105.42661684805
4487,4,3,281283.20324754465
2027,3,3,142679.29594018328
1718,4,3,133851.7782900202
4996,2,2,304649.69953586656
3604,2,2,222726.15719619556
3235,1,1,165248.27939685612
1454,5,2,136166.36196565838
3946,4,2,261880.25275564325
1545,1,2,82288.00845923998
2193,5,3,175419.83141407155
3936,4,2,248040.72725719493
1062,3,3,85355.07117500977
2985,4,1,198045.5030461223
3854,2,1,228862.46390518124
725,2,3,86330.47591419153
1459,3,3,115456.35898374055
3567,1,3,228366.45035135112
1315,5,2,105170.33246603244
3620,4,1,229562.16709814462
516,2,3,46677.056800701444
1743,1,2,108051.826374969
2705,3,1,165030.9324989497
3024,2,2,186268.7745639056
1569,3,1,112181.19285897806
3944,4,2,238940.15821973485
3065,5,1,200647.0905243602
1560,2,1,122324.59497449553
2827,2,2,175785.23738462414
3920,4,3,233978.7129346161
801,1,1,60557.87735116764
4776,5,3,301853.23337642004
1106,2,2,85346.0108709714
3670,5,3,256698.88153981796
1199,2,3,106782.27173712847
1639,5,3,138361.87272079312
690,3,3,79202.58345844616
2800,2,3,169538.8899726143
1480,5,1,134968.62181074262
3475,1,1,186426.9550626383
1684,3,1,119492.51479701875
3827,3,2,228647.23238989836
3894,1,3,218638.8048443067
627,5,1,103396.51005928135
2565,4,2,202157.66164767725
2316,1,1,134570.92093742476
1069,5,1,107450.30220183097
2395,1,3,128793.63239110316
3233,1,2,174045.81800188628
4363,2,3,251882.63964214094
4514,5,3,283549.36779362574
3401,4,1,208950.99237128076
2186,2,3,160053.89474056166
3509,1,2,195737.90813738483
654,1,3,58882.11991401937
3037,1,3,170108.09439661773
1909,5,3,172225.44724769585
4557,5,1,280724.2137201143
1284,2,2,88991.36334849143
3675,4,1,212942.49182690558
4841,2,1,266438.98086248635
3306,3,1,194779.41998222598
1037,1,1,83695.797460169
2341,1,1,150488.9869200195
2955,1,2,155397.19505233725
1024,2,3,74978.46762119002
3450,2,1,194736.8036487355
4631,1,1,238389.6210460573
4615,2,2,262924.16575686715
2868,5,2,200133.76510914433
4347,5,3,285155.3234055526
4995,2,2,289910.9352164697
3201,1,3,174407.78489664494
1471,2,1,108502.11222477398
1666,2,1,101013.47585679824
3274,2,3,220184.82849148777
2482,3,2,180309.7596624939
1353,5,3,131519.19664113765
4646,4,2,272664.1655546996
4236,4,1,245251.34020325416
4269,3,2,262186.2850207453
1074,2,3,88395.97233469502
3761,3,3,242318.66885751957
1648,3,1,139442.2896929564
2215,1,2,123046.17061283876
4354,5,2,265398.6175624191
2991,4,2,201475.60234532625
3160,2,1,194447.59611452298
3624,4,2,221795.39710214242
3551,4,3,232896.24738759245
504,5,2,98900.4366117099
1376,4,1,97471.22161509628
1491,4,2,126903.17961439099
4642,3,2,266698.96906401217
4864,5,3,309441.56590971304
4965,1,2,275347.8429058369
1135,2,3,93958.08507888092
2193,4,3,154547.77597888146
2182,2,1,129087.53861766521
619,1,3,70215.92980324465
1330,2,3,104789.32893924098
4175,1,1,232153.19127584848
1869,3,3,140952.9531018304
1240,4,1,115091.1606824192
616,1,2,46838.53910062678
3338,2,1,184224.88353232565
1650,4,3,145136.97715848047
2431,3,1,167823.74010445556
1512,4,3,121457.18689203358
2164,1,2,122440.55188576272
1581,3,1,112417.73571769093
1012,2,2,96798.24604982648
3349,3,3,218081.3545516826
1059,3,3,84709.13170134113
4172,5,2,267670.17208410497
3843,3,1,224691.21244249566
4570,3,1,251767.3044399607
1970,4,3,152452.08083105274
1080,2,2,81099.62560393628
2794,4,2,186083.6747638284
3647,4,1,223276.1863261819
4749,1,1,267163.935483488
2179,4,1,150312.96883899486
4006,5,2,260796.71056300265
3244,5,1,216612.3528772327
3856,1,1,202749.83149632663
4545,2,3,263045.047323677
1743,2,1,112803.50596097764
3618,4,1,226697.56526899216
2641,4,2,173457.6685790358
3559,4,2,225888.75492747358
3459,2,3,215553.21875349857
2765,3,1,171451.8336861996
2979,5,3,215567.8191260126
2135,3,2,148420.37000726355
2257,3,3,162023.95130733916
4952,2,2,283186.5091501381
2570,3,3,171758.4939025078
3349,1,3,183336.64696907904
3751,4,1,220362.84671325123
4230,1,3,246676.8641273636
2989,5,1,212152.50447971065
2131,4,1,158043.64684337526
3316,3,1,208912.03527862675
1515,5,1,129134.44016374112
1848,4,3,141151.2358223445
3587,3,2,209545.92590201963
3339,1,2,176056.50003414502
835,4,2,103871.5868855033
1395,3,3,109818.55144245851
4046,1,1,227848.59069210888
1351,5,2,125681.14169619349
2187,5,3,167587.58791757576
2431,5,1,165606.35202449857
4246,5,2,266418.4564301225
2927,2,1,185532.3878290629
2068,4,2,142557.89920220186
4500,4,2,296167.4682147965
3238,2,2,183493.92572530356
3998,3,1,242399.49970651246
4413,3,3,264197.4870574501
1566,5,1,130094.40417473814
4880,1,2,251285.79222874864
2944,3,1,181216.0701724876
4607,1,3,243767.14003633996
3873,4,1,221834.2290023256
4469,1,3,249645.9867821745
3046,4,3,200945.76893164244
1253,2,1,104493.48516124982
2582,2,2,169100.21715092822
3274,5,3,245674.32181336771
3396,3,1,197991.17095492102
4685,5,3,300611.3774013129
1275,4,2,87543.29040318947
2125,5,1,158431.97619313275
3569,1,1,194434.9834802468
917,4,1,92390.48077701771
614,2,2,60276.31589458327
1116,3,3,101465.92571751669
4474,4,1,241567.57365836587
3767,4,3,245912.2183608198
1325,1,3,96084.3989193004
2016,3,2,154180.25402628852
3646,2,1,210987.3805927693
912,4,3,99292.62933286761
1228,4,1,117449.41922230972
3848,1,1,183826.65775400522
3308,5,2,220250.51469372856
1175,2,1,76091.90019941289
3965,3,1,232904.7820016869
3004,4,3,183213.07187770837
3467,4,2,236546.3566224372
3286,2,1,186801.90100315755
1622,5,3,149287.96691158935
4579,4,2,281180.91225059895
2071,2,2,146174.8989487695
2643,1,3,138530.49865125952
2187,5,3,175473.21165469813
4632,3,3,288061.7826070486
4351,4,3,271570.13553279307
3940,2,3,222487.30606861698
4266,1,1,222261.09884344213
2826,3,1,172370.57998193597
3414,2,2,193489.4997047701
4452,2,1,246071.8888293264
1095,3,1,104832.47403185001
1228,1,1,70426.35234462518
1865,1,3,113373.26025721001
4992,5,2,314197.80584050313
1198,4,2,108151.79636036124
895,3,2,71458.14866655118
4671,3,2,272938.1156222098
4860,3,1,277011.0856760307
3002,1,1,174856.78345438154
2319,4,3,161228.4760179734
1217,5,2,130673.19482755443
3282,2,1,188121.69187900057
4077,2,1,217770.58329085005
643,3,3,64062.21687923071
3640,4,3,256343.8852790853
4991,1,3,272950.8397716456
3438,4,1,226265.04116730488
4136,4,1,234718.8060539187
3722,1,3,237476.948879639
1667,3,2,132282.44628367128
3116,4,3,208245.5978584479
1562,2,3,110038.3414214449
2656,1,3,165145.98128302995
3482,5,3,245871.81686725048
3794,3,1,226525.2928039744
1656,1,2,102908.7875820223
1232,5,3,132210.67084025918
4830,5,2,284082.96446919825
1453,4,2,118937.25287385748
3039,4,2,185481.36141707154
3824,4,3,252245.92344702504
3801,1,1,198291.8602896668
2042,1,3,111384.21921320823
1691,3,2,116612.1347598103
3493,4,2,226143.56201465786
3181,5,1,211997.71617444188
1717,2,3,109118.43440967226
2040,3,2,124951.31398269384
3736,1,1,202539.32787030502
2886,3,2,178492.3189324954
4219,3,1,243369.1929013595
1888,3,1,127803.148125117
2356,3,3,167100.6568717532
1865,2,2,131719.46501769914
999,4,3,106415.09200958443
2180,5,2,165795.37450240357
1010,3,3,95747.63538095803
4812,3,2,277207.6303274038
1824,3,3,119774.4664636688
1655,4,1,138669.46171289575
2327,1,2,145384.38862487805
3641,1,2,221933.33993580597
3986,2,1,247104.9930647761
2310,1,3,128739.7986774724
3423,3,2,207796.0007962117
2714,3,2,200815.39596870143
4686,3,3,278894.49384417763
1213,2,1,88092.10902546752
4102,3,3,234888.7004830542
4634,1,3,258202.88631576774
4022,4,3,275419.4037475909
4768,4,2,301266.25810103526
1743,5,1,136050.15378481455
4209,1,1,221486.83633431583
1581,3,3,112740.99707505737
955,4,2,89238.36859750294
1394,1,3,75597.8807121353
1884,4,2,143351.80325340258
2458,3,2,178001.1067993041
3572,4,2,232154.3192409375
2496,5,2,198462.3898996573
4785,5,1,304982.49400926
1004,4,2,94731.91910427372
1714,1,2,98104.93338593551
2031,1,3,119338.15443148544
3940,1,3,204829.3805155795
1323,4,1,111473.30232795575
1428,1,3,67355.35603422913
633,3,2,77564.15509286386
2605,5,3,195968.80935718876
4127,3,1,246064.3986649484
2352,1,3,153170.16282948136
4675,3,3,280737.9458833885
3433,1,1,202965.71737654755
3784,4,1,240419.4581095221
4798,3,2,272328.7315318395
3311,4,3,218172.88957854122
1750,4,2,114887.08973249863
4012,2,3,226578.09559527834
1756,1,3,108990.03594066609
3876,5,2,259262.73609557666
3986,1,3,216796.3897145819
4084,5,3,256737.3598606557
1896,1,3,100924.68096991874
4137,4,1,245885.82481406681
3830,3,2,251008.5180236793
3203,3,1,197861.07034897033
970,2,2,87895.7941235518
1853,5,2,143649.4576733575
3283,5,3,213415.5023989778
3331,5,2,214339.22535911933
857,4,1,86878.68890842363
3519,5,1,211008.71156520743
1167,3,1,83284.09583590229
4968,4,2,292536.3931402871
1645,1,1,84040.74693936699
4685,5,2,273013.1698267517
4219,5,1,268846.5369820976
3245,1,1,177708.71444884565
1039,5,2,119740.29867630129
3279,1,1,167845.74250747557
4636,4,3,294399.2274304747
4275,3,2,269043.04194486886
3008,1,2,173022.14732236855
3279,2,2,187850.63705553339
1424,1,3,97650.80649509245
3456,5,2,226222.12610704423
2081,4,1,140807.1644232125
3824,4,1,243032.60389503324
4985,1,1,262859.49680212804
755,3,2,89800.95653450029
2338,2,1,137475.7701075643
2444,4,2,168788.2541932999
509,5,1,74784.89004768527
3371,5,3,222348.16561312796
1297,3,3,117994.24898616591
1515,4,3,152607.11664614154
2324,1,3,137377.72761433848
4969,5,2,301645.04056324996
3636,3,1,209346.7651629291
2693,4,3,182852.6677239962
723,4,2,102647.83686240802
4658,4,3,280715.19480240106
4425,4,3,270397.3319911046
4500,4,2,262596.4574784903
2133,5,2,169586.4877386307
2652,3,1,166927.70437849013
1010,4,1,84128.2122419744
884,2,3,70271.7040268192
904,2,3,95529.33370535557
2500,3,1,160327.0775626877
3256,1,1,178816.853954473
2168,1,2,129456.53825026061
1960,1,1,126946.25388211176
4136,2,1,221347.8563767929
3224,1,3,182236.04479823547
4678,5,1,287210.34793337487
2548,4,3,165188.24174710276
4646,2,1,248138.58483418656
1216,3,2,111266.74827280937
2323,3,1,158752.13496330119
2581,4,1,183420.6687510203
3919,2,1,215059.097774686
2074,1,3,124043.04759881164
749,1,2,39569.345049619675
1173,5,1,122969.34542316309
2665,5,3,209216.52268766097
1270,1,2,94339.20966535609
4462,3,3,284140.9125347724
4863,3,3,292371.08593489905
2484,5,2,199768.81836546693
1577,4,1,121845.25390842122
735,1,3,44079.896349944494
888,5,3,118007.24677240118
3537,5,1,213811.10873991303
2348,1,1,134102.02049493365
3314,1,2,195253.23802124255
3874,3,2,236942.58796035196
3778,4,2,261682.43070582274
1752,4,1,112940.71005853023
4481,1,3,248221.39327464084
2622,2,3,166274.55465252657
2650,5,2,179058.97183817587
1829,5,1,134912.67209275713
1858,1,3,109448.713891734
2982,2,2,168103.52705950738
2517,3,3,169770.05349836132
1831,1,3,110520.3509984784
4844,1,1,260379.08384095674
4761,5,1,299544.30466203066
1858,1,3,123717.7895971889
3677,1,2,199748.73754815245
2628,1,1,149244.75629464473
2680,5,3,209351.28916176734
637,3,1,71305.64581277489
3972,3,1,252189.7769444342
3332,1,1,191421.78986766687
4079,5,3,286134.07072648464
3531,3,2,191626.56872069935
4664,3,2,274166.7612114023
3093,3,2,191410.67499047783
4800,5,1,293750.20269685786
4318,5,3,272850.4057989586
4638,1,1,250861.9940038418
4323,4,2,248066.43567582587
4542,3,2,271134.3686287129
2406,4,3,167582.8877981946
1260,5,1,112996.13909879565
3945,5,2,261635.01769565739
1399,5,3,135737.77727866333
4955,4,1,303289.2091140645
3447,5,1,217654.9649415401
2219,1,2,130142.94347782873
780,5,2,107887.73117011151
3766,2,1,216911.997437514
2387,4,1,168605.94253462797
3766,2,2,229380.42858383234
1166,5,1,109237.57551130472
4688,1,2,248231.6912287773
1171,3,1,99309.04436932335
2469,5,2,181955.6851398891
4656,1,3,269022.03567697713
3622,4,2,234797.73437115055
4400,2,2,243766.49319709738
1023,2,3,89533.84026811142
2893,2,1,160623.00335777467
3617,4,3,245319.28468357056
3093,1,2,160678.4769345185
2468,4,1,180620.65274196185
2253,2,3,150858.76511184577
2796,5,1,193154.39030377325
2761,3,1,180683.34150933876
2786,4,3,199413.26644162356
4702,4,1,293403.8168565806
3378,1,3,207110.61738353467
4643,1,2,255672.90444166286
4144,4,1,243482.29311958424
4932,2,2,271184.9099955376
2555,3,2,167033.53114188352
1776,1,1,114617.21694395095
3266,2,3,193736.13538662525
802,5,1,91370.59479569863
1138,1,2,95383.50629267427
555,2,2,56707.014886222736
1025,2,3,79902.68109733395
4623,3,1,273916.4602839415
2625,3,2,170688.65717040416
3787,5,2,235454.00836566434
864,2,2,83609.14082807374
2146,2,3,134829.60679300726
1418,3,2,111335.85598389576
3297,1,2,184168.60886212645
2031,1,1,118851.01173469864
3845,4,1,215339.25927435336
2406,3,2,156949.00521200764
3586,4,2,240548.37060115702
2575,3,1,176404.45519891655
1213,5,3,115737.09618359679
1562,2,3,122305.98242711816
2476,5,3,181185.70245574415
1796,3,3,131054.67740612717
625,2,3,63030.15633540748
4096,1,3,230888.03709705407
3783,1,3,224163.6645629086
2103,4,3,162795.8453602911
566,3,1,62038.68239676156
732,3,3,91273.11233038215
2656,1,3,149773.38609766285
1669,5,3,147677.8255653205
2658,2,2,172857.81228377527
4706,5,1,295593.0621179057
1993,5,1,149986.96022555087
4507,1,1,225220.43233399733
2972,1,3,176708.5819079481
3160,1,3,167213.2479809701
3239,4,2,209824.98635308834
2261,5,1,179839.48399236667
4014,3,3,251667.5864630185
2475,2,1,128513.46021987833
2862,4,2,195104.51504340317
1376,3,2,105608.30085397405
4312,5,2,262862.8259927455
3948,1,1,215750.21295802103
1812,5,3,150682.62151209274
1960,2,3,128144.65961360502
3209,4,2,211690.4511842672
2824,4,3,189941.15469098516
2233,2,2,142607.35833866562
2105,3,1,134316.75110370066
3063,3,2,187765.38539377457
3921,4,1,250979.29769295527
4017,4,2,261796.71636380276
2897,1,3,152763.45752857375
4235,3,3,264220.7284384655
3370,2,2,212485.91004626107
1660,3,3,143573.76817403577
742,1,3,67303.79725885119
3090,4,3,198926.02142256103
1563,4,1,129449.80840347534
4824,1,3,257507.47644784083
3095,2,1,176320.34833843345
1419,4,2,124780.82157044818
505,5,3,82202.40653381261
967,4,3,91885.99693282216
4670,5,3,303157.7331849082
503,1,2,63822.24204312315
1145,1,1,84682.34330479463
617,4,1,82921.86185050095
3428,3,3,226191.85435589735
3051,5,2,218927.19497181918
4789,2,2,273949.00229409395
1346,4,2,126286.17839598647
3262,2,2,179416.36907945978
1641,4,2,134044.85299442912
2310,3,1,149690.51793756156
1223,3,1,96939.02831144564
724,3,1,66586.2778525321
4708,3,3,285604.8784477423
2548,1,2,139220.71990312394
4915,1,3,265411.45070607966
2073,5,2,157111.200863479
2328,2,1,150039.4663726987
2417,4,3,175732.76496790806
4734,4,1,277091.6766020324
2526,1,2,142565.7030498382
4244,4,2,262238.80616680405
1401,1,2,106271.74918869854
2539,5,1,169584.79663653328
509,2,2,62205.09997679786
760,5,1,97718.62338031008
2173,3,3,144820.34601553224
2719,3,2,190618.73290154687
2560,3,2,173392.80450880676
4213,5,2,265572.66696770245
2119,4,3,142355.8667405374
820,2,2,73291.46834499112
1842,3,1,126652.54415244017
2876,3,1,168492.87068733881
3332,3,2,196163.85589864364
3324,2,2,204885.09867119504
2494,3,3,150143.05092679005
3458,2,3,211042.82755073035
2538,3,3,170025.63024689138
3990,5,2,264471.5482835344
4177,5,3,270906.949901398
1618,2,3,118832.74965260315
2104,5,1,152772.25155471292
4527,2,3,260857.95083826632
735,5,1,96640.83878150742
2469,5,1,179958.7187127547
4929,2,3,285253.0684240154
2408,4,1,156120.78700548352
875,5,2,97843.25438115148
4030,3,2,235766.60160784054
3135,4,3,208985.10244413247
2070,2,2,147085.82869617827
3060,4,1,194458.212444643
3891,1,2,203114.405402345
3465,1,3,203666.45687850594
4143,5,3,285616.43431434484
4350,5,1,259887.8814814769
1372,3,3,133328.1075471809
1752,4,2,141751.7660232307
1814,1,3,126038.90789068391
3398,5,1,239570.71635043315
577,4,3,93576.17642707741
3121,5,2,214944.6440299232
4727,5,1,303526.98144191416
1100,1,2,77545.9976987092
1565,1,1,104154.8472490764
2636,5,3,208798.75483780683
2949,2,1,161541.0341002723
2843,5,1,205093.01131977007
2363,5,3,181331.0808148663
1818,3,2,132281.90636784016
4097,3,3,251120.927488428
4262,3,1,248969.70217575357
2690,2,3,184735.2531222904
1492,2,1,85935.52373105937
3212,5,3,208376.56643130214
2692,3,3,160267.09928334426
1748,2,2,128091.44263935914
3554,1,1,184965.6250813234
4533,5,2,287971.8646951489
2497,4,1,168702.8287587542
4187,5,3,265486.2485936002
2651,4,1,186064.772375557
4518,3,2,264625.37031782616
3610,4,2,228122.64922961616
2470,3,2,165828.7130774025
697,1,1,57057.720848382174
3126,4,2,196710.23756465552
1702,5,2,153829.18347333287
2535,3,2,181248.5351977335
977,5,3,99588.77631238823
1754,2,3,125482.98979127832
1422,3,1,103050.77787642673
919,4,1,97942.3058072014
2704,3,2,163033.4078747315
3097,5,3,236139.38225643575
1620,1,2,84921.05193570931
3568,3,2,215957.19060223465
1450,4,3,131842.9607599536
2836,2,3,169936.63153065176
2743,1,3,153715.98451542962
3145,2,1,184472.35636630523
2357,3,1,153627.5991999108
2365,5,2,178309.3816941515
3412,5,1,234186.88511465627
3353,4,3,218705.27306571978
3728,5,3,254595.92649795004
4219,1,1,220883.97191724184
3728,5,2,237906.70514170593
2871,4,2,190702.41371509983
3391,3,1,199562.3481280637
4256,3,2,248311.96198837218
4725,5,2,307903.2741780216
594,2,2,57158.96545964446
3174,3,3,197070.93327720134
2455,5,3,188030.7877404799
1293,4,1,110692.27939128407
2334,5,3,169831.1877040593
2616,3,2,167815.93728076157
4606,4,3,281913.156759014
3825,5,1,244528.55726291527
3419,1,3,203205.28373037986
3097,4,2,206216.7187116288
3705,1,2,217529.3734738533
1314,2,1,90583.39644111185
845,4,3,115010.87280380064
2849,1,3,162842.24986268347
862,3,3,80404.37618834876
2943,3,2,192623.02674776973
2765,2,1,176890.81937465016
2688,4,3,175611.96695414773
3505,4,2,223280.09351785685
3781,4,2,232942.18054914128
1484,2,2,105628.5101299208
2139,4,3,162050.17923499405
1327,3,3,124803.8124762772
3230,1,3,185415.95207125216
4031,3,3,260297.8409897023
4951,3,3,289398.9966398131
3435,1,3,206014.81875105217
4376,3,3,266086.63028136716
626,2,3,83598.85398683444
3677,1,3,194079.8513718557
3556,3,2,206161.42282240174
1103,5,3,138466.22284658387
3949,3,1,225117.34906513646
4646,2,2,255601.9664192414
4033,4,3,247892.76414500145
3867,3,1,239834.45956533722
3868,4,3,235865.42386774876
4297,5,1,270074.5041227766
2292,3,1,146943.78178219462
3361,1,1,193415.15583504434
3976,4,1,238163.17337668355
3917,5,2,260002.72579113275
2145,1,2,115537.8382662273
1705,1,1,122989.41038677201
3530,1,3,199104.0767534629
3372,1,1,183687.63484885366
3572,3,2,235147.54358850542
2354,3,3,156833.2722569479
4521,3,2,282723.8234293862
3208,5,2,216285.2882586204
4002,5,3,271816.9818382126
1832,5,1,140873.18359840702
701,2,1,46489.63554855266
4007,5,1,259495.94350540615
4712,3,1,276999.03400983533
1074,3,3,85541.14257673762
1036,2,3,83729.41681091288
2125,2,3,153257.58961536907
2622,5,2,197101.1895079661
885,4,3,95297.84998215949
3781,2,1,208074.74298365545
974,1,2,88182.44325134777
917,3,1,66380.67930197142
4100,1,1,219408.01425591396
1454,3,3,103053.03126306056
1705,3,3,143398.1464484428
4620,2,1,255928.76387791664
2490,2,1,151281.74084769434
4072,1,2,251288.9230962761
4880,3,3,283065.27324263606
4658,1,2,270385.7591405853
3213,4,2,206742.68085591812
2703,1,2,152814.87542415102
3620,5,1,262381.752566206
1466,1,2,91689.09622738327
3932,5,2,242856.2859570475
1188,5,1,117219.18788126312
4743,5,3,300422.63174832996
4201,4,3,268720.9584173386
841,1,2,60714.022066722304
2224,1,1,148355.44616204765
4922,4,3,306667.35838835937
2292,3,2,143850.35372274183
2259,2,2,144195.46802023854
3712,1,1,192603.7017583296
1489,2,2,101972.86157497046
2762,4,3,183995.59289433178
2982,3,1,205171.18523206023
1451,3,3,110636.15384821779
1222,3,3,112975.64351994137
3889,4,3,246215.20578123373
2579,5,2,177365.8682742721
3217,5,2,222826.49302899506
2832,2,3,180606.91837085708
3876,5,3,264386.2653275451
2000,5,1,128777.80845459057
785,3,1,61901.54286330909
3995,3,2,249325.54719021884
2565,2,2,149013.9303739121
1268,1,1,80429.44050310111
3557,2,3,200269.75304771215
4789,2,2,276766.0110215844
2661,4,3,197362.69595995574
3793,4,1,241969.09906172368
1446,2,2,112625.56812353598
3835,2,2,237389.00144899532
4650,2,1,245759.25868391024
1981,5,2,151163.28068848638
2401,4,1,174025.43570303795
3951,2,2,238852.1977183748
4564,3,1,256456.57046428075
554,3,2,60261.13934674416
2323,5,3,174627.86510069494
3962,5,3,247049.05035956053
3579,1,3,191235.88817825925
1332,1,2,74127.07354969847
4908,1,2,262459.0152619437
3306,5,3,233008.36515833955
2990,5,3,218834.72831642372
827,5,1,91264.37746724319
3810,3,1,220660.1288371912
3800,5,1,246236.6149515126
4175,3,3,238789.85442850573
3554,1,3,212294.40532083088
2643,1,3,170003.8527901427
1811,1,1,99294.1936231196
3691,2,2,210565.6384065122
3038,2,3,199333.1222484517
4483,4,2,272919.48409010103
664,4,2,89082.4544595163
4777,4,2,287926.94606199226
1322,2,1,106663.07388480274
1443,2,2,107050.79628251496
4925,4,3,306726.55771919194
1274,4,1,114363.06538733587
2698,5,3,194348.8626367229
3656,4,3,233167.60863077466
4742,5,1,299792.45639559976
4195,3,3,256014.12829433617
3952,2,3,220823.88992188228
1414,4,1,134431.0442462478
1808,2,3,135180.718672971
4677,2,2,264226.26323845016
1013,2,3,82914.99018200034
2420,3,2,162986.75857530083
4094,1,3,234875.20099157427
1909,4,1,120119.99264329953
3690,1,1,220623.49709485754
4991,1,3,266651.1569083308
2055,1,1,117730.94367011242
1304,2,3,100548.66882779147
1779,5,1,163918.5021868885
4077,2,2,232968.76158993304
3401,2,3,220935.0729435363
1887,1,2,118417.27469461114
3261,2,2,183431.1513779405
3179,1,3,185297.07468102805
2606,5,2,189114.91278285088
4723,4,3,280309.2951509577
3268,1,2,186977.22769472242
4453,5,3,287871.02749849856
3686,4,3,244864.2170545854
3780,3,1,225933.52779598316
3073,1,3,172138.9710298593
3099,1,3,187633.33992290313
4533,3,2,260406.0171974642
736,3,3,50803.29477216729
1804,1,1,106486.52947954217
3930,3,2,230959.2627276601
1801,2,2,123871.30504396635
3041,4,1,217038.71735939715
2551,4,2,197827.3969314806
941,4,2,95398.7707777816
2576,2,2,150534.84828753944
3680,3,2,229846.83281917922
3157,5,1,209147.74408133645
4298,3,1,253817.76522346944
1304,1,2,78591.39237773146
574,4,2,81206.92416022753
2675,3,1,160630.25847706525
4424,5,1,288042.53416031465
2589,1,1,138550.22309247387
540,2,2,63611.02535734969
2581,2,2,146402.3271681448
2122,5,3,178911.7385661069
841,1,1,47386.159307318
4552,4,2,280211.7680697451
2574,3,1,173932.00973347988
1145,1,2,75250.17101443221
4763,2,1,252858.33089254066
1109,5,2,120418.12507135922
954,5,3,104290.18601013452
3453,3,3,213607.5440080277
2208,5,1,168054.62659495728
3972,5,2,272206.76036107703
3469,1,2,193715.5335379947
3528,4,1,221628.57509845123
3181,3,2,206425.12893622852
4129,1,1,221953.71896672997
4725,4,2,292605.301998329
3567,1,1,204135.33546062946
1886,1,2,111022.62849732001
4276,5,1,236049.89366086543
3366,4,2,210120.72906414533
3863,3,3,250236.82010835304
4624,3,2,270862.35218602343
648,4,1,74008.69729072101
4350,5,3,294167.84993203206
2558,2,2,156886.75083770105
1636,1,3,85874.66794250844
686,5,2,79246.97938991657
3354,4,3,226886.48020816906
1750,1,1,101831.09058405274
1833,3,2,146196.56478829222
4693,2,2,257317.31316195824
4650,3,1,264404.99237996206
3211,4,3,206704.9692693998
2285,1,1,124044.05822319548
1250,4,1,88580.96098746377
2262,1,3,134243.1533594947
4420,5,1,275481.311362301
4960,2,2,276636.69157534314
981,5,2,130545.5326373281
653,5,2,110984.84577176982
2024,4,1,138691.00529038915
2620,2,2,140560.63305347404
2843,1,2,161157.99647068442
1740,1,2,110765.1013817062
560,3,2,59395.15926617165
1438,1,2,83790.24366074277
2139,4,2,172775.54969312533
4620,5,1,283424.48428854696
4726,5,2,302922.5018569574
4069,5,2,254146.94302145555
1752,2,3,122030.59541275207
4703,1,1,246786.61646365488
671,4,1,71796.26761196712
1958,2,1,134453.00411521693
4049,3,1,223561.22990366985
4697,4,2,287850.5682551129
2822,4,2,187548.783445095
2136,4,3,165948.24482035876
3615,5,3,242334.23367781643
4590,4,1,283171.9306191894
3504,1,3,190802.97401747847
829,4,3,108025.53191675313
4140,5,1,261711.9730532558
4394,4,1,251414.97470984876
4607,3,3,282152.1545590282
1841,3,2,130061.50256482349
4163,5,3,256071.62073860457
715,1,3,64074.680837588705
838,1,2,71965.957152777
4562,2,2,270921.3574036013
3208,5,1,211616.48117400234
3652,4,1,229053.18055325738
2250,5,3,178005.3634279291
2921,2,2,190948.02631571353
1209,5,1,107345.11417626683
4226,5,3,271653.4054779546
4142,2,2,228752.79690550195
4493,1,3,235158.49476887114
988,4,1,96877.87181052082
546,2,1,68312.98331777587
3859,3,2,230965.1554148494
900,1,3,61181.03378456866
4490,3,2,266368.59702232067
3657,1,1,203741.18178772656
4845,4,1,285686.3686256343
890,4,3,113535.35331954177
4353,5,3,274526.38105712476
4930,3,3,288630.3036348764
1128,1,2,79359.87904842962
4732,4,3,295529.63752617827
3430,2,3,206972.28092298162
2021,4,1,133265.8007764285
1326,2,1,114680.1140420633
2000,1,3,122640.300849539
3794,4,3,245802.67518584657
2919,4,1,197117.6109317298
1434,1,3,90334.9463735047
3542,4,2,227669.26420870775
4997,2,2,273078.09762346704
1966,4,2,152455.50741474231
4061,3,3,245289.7735144443
1114,5,1,113387.18527304668
1682,2,3,108634.62653514398
3723,3,3,222860.83565993793
3167,1,1,159698.59323143197
630,2,1,49394.699206737925
3483,5,1,203414.7575630186
4778,5,2,295828.9979431217
4959,1,3,267607.5972803707
538,1,1,43409.109636250694
4459,2,3,258396.0772443429
4087,4,2,266920.7976848107
1420,1,2,116943.10184774111
3269,4,1,219825.39013150634
4611,3,1,261018.92410624912
992,5,3,109666.0925029011
1631,4,1,135236.63042355716
4021,5,3,249216.55305427167
810,4,1,82347.97073836521
1238,3,3,104518.47064956142
3741,1,3,217891.3148481881
1045,3,3,103388.6634614078
2961,1,3,165604.3945960697
4846,1,2,258156.27338294816
2304,5,3,184651.04254832707
3712,3,1,212610.79344081235
4310,4,2,277561.1843477428
1313,3,2,111741.75233440241
4624,5,3,297915.09548194846
2532,1,2,150509.4059828092
4913,5,3,305981.093830592
744,2,1,55937.085778123816
771,2,3,69302.77783861279
4011,4,2,255549.6669225985
2271,5,1,170560.14980708653
1762,4,3,138872.8554030729
2924,4,1,198695.81743307656
4861,2,1,266310.5357766385
1420,4,2,114066.89254410833
3930,2,1,224043.4150929852
4935,1,2,256619.70488377163
4984,5,1,287327.762500643
3124,4,3,211148.95424434735
4260,2,1,231425.86206289116
2550,3,3,169958.4564733015
4000,4,3,245332.67081855552
1665,1,1,110339.3213970257
875,1,3,62135.07256071862
2533,3,1,157330.0062182919
645,2,1,61028.832675832346
4888,4,3,285633.8570167732
931,2,3,67044.50226751296
1204,1,2,84009.52835693413
3132,2,3,187150.5236953783
4994,1,2,260685.04893105844
1463,2,3,114183.7317294732
2734,3,1,163580.78340892008
2541,5,3,189304.87700451075
2328,3,1,142438.69532027488
2608,3,1,168434.37186249823
4568,5,1,296720.76192716777
1438,5,2,113289.60070667884
1306,4,3,121426.57688750645
1963,4,1,151715.8844188635
3915,3,1,226535.22252694226
510,3,2,54189.576257041146
2368,1,3,147609.63527127405
1384,1,3,104216.535033771
4064,4,2,262105.22177645468
1889,4,2,148109.09337914828
3901,1,3,221029.1373760864
4821,1,2,252059.874446157
1324,2,3,109852.44950343942
2765,2,3,181349.56813352508
1436,1,1,75419.41681344733
3300,2,1,193644.79727846492
3053,5,3,224178.23875519785
4345,4,3,281071.13772075507
2296,4,3,169050.10380872778
553,1,3,44074.32425853856
1226,3,3,101278.83820135955
3236,1,3,176727.50141544038
3670,2,2,212989.39334885016
2413,3,3,163181.1460343131
2096,2,2,156250.36420768706
2414,5,2,189646.77142438132
2966,2,3,192995.48066889096
3237,5,3,231563.5249082773
1349,5,2,123776.82353331482
2609,2,2,157696.10041181926
502,2,3,58261.3070018338
4755,5,3,304632.33272701135
4569,3,2,272341.69810223446
1392,5,2,129607.08627680522
2530,4,2,173594.01522656868
3660,5,1,232058.84369512016
2876,3,2,169873.51242216746
2433,4,1,179483.7916504665
1880,1,3,141055.29568265413
4181,1,3,246043.3678092825
1790,3,2,116909.34374069254
2140,5,3,179870.16569640892
3182,2,3,204337.76301620816
1487,3,3,115315.62301378642
1718,4,3,145789.2723963903
1855,4,1,133186.9696747738
4765,1,1,268539.2899481374
4635,4,2,285403.7092221531
2060,3,2,133828.44508628952
1918,4,2,152598.0809800934
1454,3,3,128287.80673490248
1483,2,3,111131.31651135876
1474,1,1,93494.41691743268
4633,4,1,275952.46570771205
4472,3,2,252257.19546853765
1413,5,1,124132.66241579493
536,1,1,47030.39632963558
3887,2,1,218069.73132016763
2211,3,1,153557.6542673959
3520,2,1,197078.18438802415
1295,2,2,91484.09172549173
4536,4,2,285111.19997993903
3611,4,1,227768.52516803044
1824,3,2,127082.78418844409
817,5,3,116188.05376008624
2896,3,1,172912.64282049472
2662,5,3,190830.5104098265
3245,2,2,163955.51188935924
2091,1,2,119010.31451422552
3611,3,3,238637.16678922283
4430,3,2,240777.07313827562
2496,5,1,170280.79859770782
1812,2,3,129990.68555890169
1785,2,1,91801.33226107272
4811,5,3,300443.0138649024
2883,2,2,185558.63215610746
3739,4,3,262380.25801848987
2639,1,3,159852.46565667033
2204,3,1,135935.32981758882
862,1,2,53498.71261351717
3104,3,1,191649.07969330903
2216,4,2,163609.633211651
4951,2,1,291129.28760058247
4786,5,3,314008.04852537205
4238,4,1,257741.0648788849
2969,1,2,165097.92746740583
1056,5,2,142947.1170930221
1325,2,3,107515.94799995895
3308,4,2,208712.48286422456
3219,5,1,213703.77076408523
4008,4,3,246625.452599969
4241,4,2,238004.50474149612
2074,2,2,136826.50991207323
4498,3,1,277724.54216557316
2629,5,1,170144.42797752697
2903,2,3,180702.6259587902
3829,4,2,234380.95220862402
1088,2,1,84615.02525569852
2512,3,3,168876.69843275435
2047,5,2,148749.453455824
794,3,2,69888.96286050265
2485,1,3,140946.99468015792
3617,5,3,259293.1820798721
2190,3,1,157432.5927693015
1636,4,2,128686.52112887302
2564,5,2,200478.03433451348
4955,5,2,306018.1616060383
1507,2,3,107083.37241549813
3014,4,1,196271.17840551175
4026,1,2,224148.25278623635
1747,3,3,126795.55207134999
4402,2,2,250318.65742182222
1935,3,1,139623.22505646522
1071,1,2,74845.39639206047
2882,1,1,159527.8290212432
1745,5,1,147191.80214280795
2584,1,2,155867.0606085861
777,3,2,78223.84181387078
2387,4,1,159608.1894292185
1765,4,3,145142.03303474234
1540,5,1,116060.36270176701
1417,3,2,108746.78004496146
1385,3,2,84534.4009168574
3252,1,3,170842.082165635
521,3,1,42788.14150583289
3691,2,1,220023.51742453052
2853,1,1,157789.81815969324
1186,2,2,76679.50976783666
784,5,1,99110.66043445356
4247,4,3,277236.5447936652
1262,5,2,128184.85556147374
2928,4,2,194512.89871507415
3007,5,1,207674.86618419367
528,3,3,80414.96533142732
1406,2,2,95607.54162337344
3604,4,2,230498.66923257825
4499,1,1,237378.0695539357
3494,2,1,183565.84147347516
3006,1,3,184465.68180644303
4109,2,1,251022.7186499401
4053,2,3,228912.0537875881
1953,5,2,167276.80234886298
3856,4,3,239380.062202384
1015,4,3,107077.87815077064
538,2,3,76980.12273789776
3842,3,2,226895.6101460789
1386,3,1,104153.13585608127
3344,1,2,169184.97003491924
2704,1,1,143557.95656053768
1598,5,3,125837.27677999294
2323,2,3,155441.78119875
3701,1,3,218366.37558951578
3655,1,3,205533.65113429195
3593,2,3,217508.86967256793
4030,5,1,253242.69544749553
4278,1,1,236305.45365874437
3396,5,3,236094.61935125198
3953,4,2,227793.3664419644
4011,5,2,269949.80818092823
1488,3,3,115504.57205416847
4616,3,1,253096.20528791595
4526,5,2,281910.66027656
4679,3,2,254929.3035145356
2182,4,2,146601.10688760958
4463,2,3,259579.4961011539
1433,3,2,113917.11686340567
4098,3,2,247964.38834255168
3733,5,2,246682.098677635
2480,4,2,167071.3487652799
2355,2,1,142205.40860539436
3556,5,3,238427.92553052114
1292,5,3,113342.18401924816
1291,4,1,101825.85008989411
2309,2,1,149345.41231169025
2755,4,3,208632.94152054944
4110,2,2,242012.7504411869
2107,4,2,170786.97760992413
1484,5,3,140053.88610134958
4176,5,2,286223.7608470254
3880,1,1,229544.8844032858
1019,3,2,73615.30501963812
1090,4,2,106714.93307132833
1550,1,2,98364.30189087542
4133,3,3,247408.961844159
4944,4,1,297119.1553815139
1459,2,2,103361.25068641877
1192,3,3,97245.51079607957
4399,5,2,279683.9489496302
4973,1,1,275695.9457936839
3446,3,2,214125.38096882676
1026,3,1,92569.54748256132
3724,5,2,243429.4689972091
2753,4,1,187170.64010151615
3844,2,2,210107.8546951682
4465,5,1,273252.79500580207
2375,2,2,147723.31391434072
2263,4,2,150386.64079373464
1020,3,3,87697.83281107727
1516,2,3,113931.11768573892
616,1,1,47098.319162880325
2933,1,2,174713.6542465771
1083,5,1,103144.88981814837
894,4,3,100276.02226005241
4288,5,1,262681.32589116174
3268,5,1,225461.28549109327
4667,5,3,310257.46116025245
4360,1,2,242833.24827252803
773,1,1,64261.94276276583
2513,5,3,190974.99862887862
4933,1,2,274705.93834995176
1889,4,3,150204.1774261246
4066,5,1,248050.7193341423
665,1,2,55717.213886986065
2067,2,2,123397.03306209491
1228,5,3,149791.2895156891
2543,5,3,188809.11841224667
4697,4,3,296300.37855449
3996,3,2,239675.86780474405
1278,3,2,91563.86575964095
713,4,1,61664.769699354285
4262,4,2,270590.1395507413
2076,4,1,164293.4092677106
2948,3,3,185051.9629278964
3436,4,3,210233.0748044041
3617,1,2,197598.37267578376
1091,5,3,110178.82954761267
3220,5,3,219496.84320137906
1213,2,2,96753.73699725285
1435,2,1,96245.36952597162
4837,5,2,293554.92441117985
501,1,1,45935.00786261195
3348,3,2,214068.7234507579
4544,3,2,263829.4251395537
2449,1,3,148829.1652091806
1417,3,2,116055.01883076975
3674,4,2,237961.03130983398
2741,5,1,192456.14086965533
589,5,3,108775.86118225296
2209,1,1,131276.80813015185
2669,3,1,163943.20983502266
4738,2,3,267453.30932301097
3541,2,3,206469.13649863328
605,3,3,81571.20947227812
1386,2,2,93072.52439998093
927,1,3,67101.00910797193
2395,1,3,155330.22388115813
816,3,3,87716.3196206739
1134,2,1,93685.32627121187
2425,1,1,144230.59873352342
2556,1,2,136033.28170929936
3644,4,1,226178.669417593
2770,4,2,198399.49039968543
1939,1,1,99728.23934848988
1052,3,3,101797.10820358676
1215,5,1,115357.63526301256
4411,5,2,263002.11257877614
2213,1,1,126846.59304518934
3889,1,3,211075.31983873466
1607,1,2,88673.48217883574
4706,3,3,280391.40675822634
750,4,3,73191.47060746994
2930,1,2,159757.09707415118
2554,1,3,178211.7425250265
958,2,3,89402.22393406944
707,3,1,61535.75093832647
1399,1,3,108991.65940100397
3961,2,3,223129.56439222867
3885,5,3,253713.04846864528
521,1,3,39561.48590070712
909,1,2,68010.7987866602
1394,2,1,108386.29622097129
1014,3,3,85709.93767440144
4609,1,3,234845.56962590912
2634,5,2,202609.6667451942
4095,1,3,245288.0050108768
3456,5,2,212849.19533585268
2060,4,1,152600.54341446445
1766,4,1,135565.05352115288
2669,5,3,190575.24695112245
4138,3,3,237956.44333330766
1249,1,3,97367.50345446556
3927,1,2,218140.70531457194
2427,4,3,178894.2645742672
4304,5,3,273982.306471668
4202,1,1,217080.9079555004
2856,1,3,143250.26458726055
2835,3,1,174469.7197021512
806,2,3,89688.26379454223
4165,4,1,244347.45579951347
2489,4,3,164225.8530573326
1161,2,1,87406.64566457002
811,1,2,66750.79998446336
3420,3,1,200140.94039318824
1582,3,1,110612.35535300359
3471,4,1,221189.0311721876
1254,3,3,106144.50531370673
4630,2,3,276501.2933575398
852,1,3,91972.4257592422
1402,2,2,83008.36444809544
4388,5,2,291697.5513055798
658,4,1,78952.59701023334
2477,3,2,177732.0093885416
1456,5,1,135043.5451126568
2571,3,1,164161.5645993571
903,1,1,67750.22942441034
3279,1,2,180008.44228815203
1887,1,3,111606.98577895145
3953,3,2,245758.6311559835
1455,5,1,119306.71551210496
2212,1,1,132023.7259164157
1773,5,2,148957.475830875
4311,3,1,227255.58348877425
3125,5,1,205506.1754953706
2882,3,2,187448.38195024623
1941,3,2,132989.99336091508
3479,4,2,198482.67888237815
2297,3,1,163057.5012782616
4890,3,1,281193.7505127161
4509,2,3,264887.39291269804
1894,1,3,114967.23847821756
4781,4,2,294364.89688146656
1769,4,3,161798.20144586702
4214,4,1,248349.2701637264
1029,2,3,103120.1270535707
4123,3,1,245135.64065892008
3458,1,2,184205.67251963136
3414,5,2,252823.9063759101
4091,3,1,243466.40239888933
2647,2,3,174114.7866877304
3869,3,2,230756.47895273243
1439,3,2,103986.73354670483
1025,2,3,87928.1324467579
501,4,3,95864.63723483328
874,4,1,85603.40187814311
2840,1,3,166732.48754425862
4505,1,3,264813.28471979586
3552,4,3,229596.7315419576
2865,5,1,203352.7631116912
2025,3,1,145023.50506739697
4976,5,2,306832.19051123015
2146,3,1,145398.37593199924
513,4,2,82261.02777681174
2778,1,3,159890.84806455873
3655,1,2,210907.65164989993
629,5,2,85980.13916544561
4314,1,3,233949.1242103951
3716,4,2,220529.58939179542
3438,5,1,221865.37656098942
4428,3,1,248244.9729812978
2540,1,1,137991.26043745026
527,2,1,57469.926319144884
2613,1,2,133393.25746624896
1752,3,2,107853.29105412892
4856,5,3,300309.2078334872
2546,3,2,171912.30493586656
4523,2,2,259038.64947019686
4896,4,2,287149.3766708907
3874,1,3,230394.0823215646
3966,5,1,246715.9006488166
3581,4,2,233674.53986127127
4278,3,3,255272.13672465828
1129,5,3,112762.23649006344
769,4,3,87399.3321188526
3139,5,1,219290.0038481356
2493,2,2,158260.25145142755
3391,2,3,214231.02663776543
3932,1,1,215209.86082537082
1780,1,3,97888.3053682578
2860,2,3,199144.14834308793
1075,5,3,122501.69014058469
1807,2,3,130496.7155438823
3692,1,3,205831.62320503438
3678,2,1,220031.78293300708
3234,2,2,180768.92439399878
2712,5,2,201698.29077663494
2852,4,2,171803.6671775296
4068,1,2,230172.08521350182
2155,5,1,151954.4958836057
2079,2,1,131719.94520427127
2703,2,1,173723.40466746176
1890,4,3,157727.1737450044
2242,1,3,149343.81670117562
2425,1,3,157458.4844364781
1119,3,2,90707.17257090121
1774,1,3,119683.30173807855
1456,4,2,105550.8310405819
2439,3,3,160080.63582055748
4453,3,2,276576.5488828405
2881,2,3,175199.63197573778
1468,2,3,89719.98113329256
1816,1,1,125936.98917331357
1543,3,3,127772.5028316972
781,2,3,81694.7822030579
3344,4,1,202395.30465078104
1558,2,2,110740.56570529871
4793,2,1,267225.74970889196
3032,3,1,178385.15143376324
4328,3,2,254701.8031447684
1508,5,3,125395.32287216983
1729,4,2,132982.90467124
1535,3,3,131488.4625725982
775,1,3,56281.51741007915
3240,4,2,231072.97836426552
2789,4,1,170089.08487464944
1739,3,2,124348.24650204406
625,4,3,79685.70036385875
4565,3,2,266448.1916862713
4812,2,2,284314.74782140926
4368,5,3,273555.445035359
1708,2,1,105887.2946907047
3749,3,2,233995.0575272314
1418,3,3,116831.58779917653
4423,2,3,257901.74949309003
4903,1,2,255497.23660400443
2469,1,1,137734.16528397502
3293,1,2,195965.78451539524
1391,3,1,88454.79016919021
4970,4,1,286526.90849300975
2533,3,1,143494.58370474665
1864,4,1,143569.7569694374
628,2,2,73654.70545314469
1514,5,3,138865.90012707957
2299,4,3,159894.79985484702
2018,1,3,116137.53548545465
4681,3,3,276079.4279212726
1698,2,3,116891.27954608476
4373,1,3,252768.3177851337
2974,2,2,172011.23965556987
3985,5,1,258600.7833818586
4549,3,3,269395.29970752134
4219,3,2,243502.43044760163
802,5,3,101796.23936659022
4452,3,3,270965.3838187098
1486,4,1,128449.33389881703
2363,2,1,140630.2681284151
4940,1,1,249960.6186920223
3572,5,3,253597.1480326544
3624,4,3,227218.30616847886
1827,1,3,118958.23167677532
2908,1,1,160151.67332296245
4173,5,2,267064.29907653783
3791,4,3,239680.23699811994
4533,1,3,257851.48780415463
1203,1,3,49329.37392512489
1074,4,2,115064.70508367037
3732,3,3,222474.92225605965
3132,1,2,180679.5690975065
4328,2,3,254950.2561793493
3730,4,2,249249.77382020818
988,1,3,76377.4913553807
1847,5,1,139058.90819365956
4181,2,1,218002.4501208903
3673,1,1,195161.96845127025
2167,2,1,113768.24571116987
2137,2,3,135565.14293689246
4614,3,1,262773.69379669795
4053,2,2,225750.84021971075
1500,3,1,110417.73657364912
1350,4,1,110138.95989080792
1888,3,1,126123.13458671219
4212,5,3,251358.49382962694
1867,1,1,95402.9481931445
1321,4,2,122476.56731854875
954,4,1,100742.56272947445
2124,5,1,142812.23282021005
3272,3,1,190452.81818765868
4226,1,2,242019.65367599129
3647,3,1,210169.6118659485
4589,2,2,258335.0921287489
2690,3,2,188918.0532901591
1416,4,1,112184.22688556607
4486,1,2,239252.80589812883
3375,3,3,212179.6330940737
1940,1,1,130534.10797899828
4900,1,1,264462.01836289477
1235,2,2,91940.81627779768
4068,2,2,228156.40044318416
3838,4,1,242288.16928181122
3515,5,3,247346.99769930798
3389,1,2,178718.2149052453
1461,5,2,139916.2819194616
3489,4,3,227938.4771337657
4348,1,3,242647.98634628605
1526,1,1,82457.10997011681
4365,5,3,279250.1797217109
3363,3,1,192848.5773477717
3001,2,3,174267.818298837
2447,3,2,166120.9022042678
1677,5,1,135298.8343455689
511,2,1,37553.62330137584
4899,3,1,301720.5264748838
3864,2,3,216953.44960684064
3522,1,2,207021.02961019333
3871,3,1,213785.363583782
3330,2,1,196065.02335167796
542,2,1,49594.396313813086
1443,2,1,90859.43268641595
2890,3,2,186467.42323765706
3045,4,3,207872.59856329332
2911,3,2,177425.34816317956
1504,5,1,121622.61119213
520,3,2,50260.85788005599
906,2,1,73355.6438435705
1514,1,3,88161.95172899992
4931,3,3,291589.74956517183
2338,3,3,167824.77984120717
3688,2,1,211480.55031824054
1214,1,2,73468.68701982741
4646,1,3,266388.1241134997
4354,5,1,268620.2852189875
4919,3,1,267608.3924099501
640,1,2,49162.72495546722
1463,1,3,104017.97377984726
872,4,1,81855.85685589873
4135,4,2,265531.824149703
3041,1,3,169346.7393478235
4110,5,2,259157.86806314474
2192,1,2,119139.20984146747
605,2,1,62087.09536908029
2181,3,1,143517.57429910798
4597,5,1,275052.38052256027
4516,2,2,251837.89657718898
3136,5,1,181088.49012100973
2637,2,2,169629.72363466644
3916,3,2,234092.5336050169
4945,3,1,258187.61848990104
4030,4,3,241933.18558675918
1786,2,3,120084.05937442397
3679,4,3,225808.29240895162
4154,2,2,245633.49323686058
2859,4,2,197135.72885991156
944,3,2,90795.35943517869
535,5,1,55706.53064785295
1975,4,2,143495.41585793105
4457,2,1,240873.83549390943
2298,2,1,130359.45545895412
2345,3,3,158098.24718836288
1908,2,3,119137.61792913938
2208,1,3,137552.20732950218
3438,5,1,234565.51354337772
1800,4,1,141803.83738423671
1743,5,1,140770.88748288518
4476,3,2,283792.39696333505
3597,4,1,236249.7511450051
509,4,3,79434.41796327448
2925,1,3,166427.27789798484
2160,3,1,156380.2716278192
3131,2,1,191625.80682762733
1572,1,3,89495.7279617577
3725,1,1,212108.21319228745
1816,5,3,154256.2646527607
4645,5,2,283640.8846940664
4183,5,3,254357.94140759337
3773,1,2,205960.838053022
645,2,1,57127.72414780075
3540,4,1,237873.27654110218
1962,5,2,167672.33807748687
2084,2,1,123371.13278623966
982,3,2,92993.42394219738
3679,5,1,247212.49422672825
1749,4,3,143309.57388017216
1130,3,1,85628.45840968796
1161,3,3,97728.27543756555
4003,4,3,259004.73070456952
3352,5,2,231729.80565525047
2966,1,1,160370.45384236454
1487,4,2,98158.47794946661
2046,4,1,134394.77272708708
1149,4,3,118646.88921612113
1468,3,3,97091.62002644125
3137,2,1,193691.81016367214
1600,1,1,105361.57261138504
940,5,2,107410.96381933206
1269,5,1,124429.31034228607
1843,2,1,122437.74678358885
4858,4,1,286731.26871633786
4229,1,2,217711.10882411432
4406,5,1,284972.7297506169
2077,5,3,182922.30011383636
4508,4,2,263314.0947575766
3851,2,2,208437.449948303
2849,1,3,166082.0309524266
4102,2,3,233837.7540436355
1741,2,3,123499.49240205459
1625,1,1,108329.94039860387
3101,1,3,157593.29561727506
1690,5,1,155312.71951619154
4631,5,2,287483.3155812308
4948,1,2,272517.78978650493
572,3,3,79787.25838104465
2414,5,1,183053.41154197796
2972,3,3,194219.08104029996
3546,1,3,205255.60601786745
1207,5,1,118240.22050605403
2304,2,3,143897.17199220552
4213,1,2,213069.448085628
3064,4,3,196008.14172234805
2975,3,1,182707.62020501966
4110,1,1,212631.93343103616
4755,1,2,249905.03927610465
3323,5,1,239142.51045686196
2235,5,1,175338.94796659873
2085,5,2,161729.24034090026
566,4,3,90020.34945655442
3561,5,2,233847.313944091
2928,1,3,172507.23434186497
4653,5,2,297066.28648418916
841,2,3,72873.94032228121
3274,5,2,216847.49452462903
3317,4,3,233089.31818468505
3161,2,2,194191.12967198106
1732,1,3,89053.89121707283
4374,1,2,232018.6406996839
2901,3,1,172237.27500305607
1994,2,3,128488.61911187602
4711,3,2,284174.02288758894
1161,2,3,93242.05968003691
4383,2,3,240253.70329144454
4119,4,2,252117.85163041385
2368,3,3,168817.3764761619
2834,4,2,189503.54984466246
3874,2,1,212253.2404883651
1516,1,3,104112.19278738528
4906,2,1,286481.92489439074
707,4,3,94964.24832958519
3165,3,3,216259.41513031698
2993,3,3,188873.85782135098
1132,4,2,106516.3788887594
2602,3,1,164814.48015464318
3459,5,3,239136.7908406769
3583,1,2,203555.19606380916
2431,1,3,137360.30878945222
4219,1,2,237423.32685513477
3062,3,3,181821.14061044782
2179,3,1,130592.43337493319
736,2,1,83156.2610117323
4943,2,3,277048.79260521126
2040,1,2,129295.19350986202
4443,5,3,304132.90392426954
863,2,2,50005.439212215235
2868,2,3,189662.4618015571
785,3,2,85739.43606259271
648,5,1,103803.9728093304
4537,1,3,240034.76838335372
2266,2,1,152812.54656954613
1512,5,1,123205.8556839731
3331,5,3,242097.77814276656
3007,1,3,174989.7896424556
2023,5,2,168857.6880643514
3285,5,2,224738.69183305153
3056,5,1,189405.98415813272
4225,2,2,210044.55977056205
2101,1,2,127149.1553398349
2908,5,3,207762.64962368654
840,5,2,105982.20951420294
3317,2,1,188328.46534156424
2996,1,2,189980.7738271782
2225,3,1,148555.37127828304
2189,2,3,139980.52272417335
3767,1,1,206723.63066346865
4906,5,2,301013.25203118694
761,1,3,63979.302341139875
1942,1,2,104925.19812764166
905,1,3,70164.14798140395
2690,3,3,174721.47603964826
4937,1,2,255622.6337463132
743,3,2,96907.35868072642
4607,5,3,284512.64630059834
1060,3,3,98069.64223441937
4637,5,2,283821.91965051246
3225,5,1,219220.39470879876
1093,3,2,81906.14865531083
2326,2,3,159703.56823935552
3729,4,2,256811.5618635884
3787,1,1,195954.6076289933
4573,4,2,290819.6886268132
633,1,3,52831.2065560431
3638,1,2,216957.91121076085
4419,5,3,307834.98986095993
572,1,3,51262.94988291541
4994,1,2,254497.33919105347
4725,3,3,290730.8438743609
3478,4,3,231144.17207944117
4861,3,1,283067.9116777764
2485,1,1,135851.54958155635
1292,5,1,110755.071813393
4759,3,1,284553.48180966976
594,3,3,77897.89994556033
1633,2,2,97214.42965816274
737,1,3,68718.75223202894
3446,5,3,242161.685979665
3030,3,3,193247.01075676436
2460,3,2,179198.13234242323
1548,5,1,126218.26837652735
3029,1,3,174760.13501845158
3464,2,3,215886.48087968197
1463,3,1,108917.62950330721
1036,2,3,72955.76845641564
4723,4,2,287987.9937299343
4179,1,3,229806.1020803477
4687,4,3,297919.9624491626
4224,4,1,257712.1834399514
1042,4,3,108045.0765304739
1345,1,3,81767.48836280948
4103,1,2,222849.74692085994
3536,5,1,241501.01094012652
2994,2,1,166934.6365545863
4985,2,2,278924.4977691229
3219,5,3,216585.5394835099
2384,5,1,162361.5735894833
4638,4,1,276051.4095501065
4849,5,3,309188.0116487734
3701,3,3,249988.62939232594
3210,2,1,180945.3961615379
2453,5,3,187148.30732366117
4350,3,1,239999.26482029076
1189,3,3,110572.40014906914
2450,3,3,171480.9477935328
956,3,2,102683.94677691428
2630,4,3,197616.2215150871
4476,3,2,267314.0666884228
4744,4,3,287499.285004113
1679,4,1,130996.68437890061
4785,3,1,273139.8653786824
4065,2,3,247783.9753323798
1382,3,3,122362.31489962467
899,3,1,76985.84556345244
1108,3,3,85780.06220173123
2138,2,2,150233.87300220426
2648,1,2,158218.73956823203
1882,1,2,110905.09929427331
1903,4,2,150578.7334810367
1319,4,2,116698.61306250028
3792,2,3,237786.17926219472
1319,5,3,111652.19768194974
919,1,2,61978.09033486567
4719,4,3,306940.5451547869
3802,1,3,220731.98403467314
2008,2,2,148126.0666831421
1267,2,3,86131.92906836535
2544,5,3,202921.96715938486
2639,5,3,207072.24423453832
3529,2,2,189632.71464671165
2049,4,3,154494.97710466917
2264,1,1,127134.70894805917
3145,3,1,176054.43971232596
4216,5,2,268053.9767347956
4981,3,1,292781.83140778606
2793,4,2,185740.7694047526
3208,5,1,217821.33155674028
1400,3,1,107493.70282727652
3584,4,1,224078.56588861233
2509,1,2,138398.17975974572
741,4,2,93638.13974883898
2885,5,3,193379.66238474008
4768,2,2,268485.88138508186
1171,1,1,87404.86340518089
663,3,1,63676.26750158785
964,5,2,100926.78778497723
3542,2,2,214355.1613877538
2942,4,2,198734.31760587133
2855,2,3,185204.47282056932
4778,5,1,294284.98485695274
3057,5,3,193967.07549248822
1045,2,3,99049.13410425698
4335,4,1,282450.26382478274
1093,2,1,92490.41006836286
4304,5,2,239811.4227493024
1959,5,2,162460.88212505565
3993,3,3,239982.54189424953
3101,3,2,184207.5624638829
2944,1,2,168427.32161638272
3172,5,1,212110.5270510028
4700,3,1,275086.5780427984
516,2,2,56365.801893054544
3691,4,1,218341.87893111023
892,2,2,68833.98223257028
924,4,1,83820.41443674984
1071,3,1,71385.16823255553
4131,1,1,207833.55356046115
1620,2,1,103889.31330114805
741,2,2,81287.5407530728
4397,2,3,249494.42920301206
4595,4,1,267175.6922524721
2779,3,2,167137.13193327174
1288,2,2,94705.36494995351
1214,2,1,97492.59334610126
3349,1,3,212476.82766408593
1275,1,1,81603.99376721687
4526,3,2,267699.93742636434
2747,3,3,176915.26892746458
578,5,2,85134.33378508988
4426,1,1,242591.75091050702
1355,5,3,129601.2466793692
2648,4,2,180777.17552832587
1531,5,2,136296.52725249575
3771,2,2,212641.71889092523
4076,5,1,258050.20740922447
4682,3,3,258905.938712092
3956,4,1,248288.35883018462
4006,2,1,248817.71838972054
907,5,1,94829.56384836933
3211,4,3,219288.3714500167
3588,4,1,232915.76320246185
2168,2,1,146202.1527271746
647,5,1,84706.78511259821
4827,4,1,268316.82746311283
4397,4,2,272522.31950848765
2450,1,1,138786.28690654426
865,4,2,89793.33625323998
2174,1,1,122364.8787711566
4994,5,3,316136.8044501773
3046,5,2,215917.6199210385
1062,5,2,116298.09710239917
4062,3,2,240923.14340498872
2989,5,2,213292.7883498595
